duck_id,base_timestamp,forecast_timestamp,start_lat,start_lon,forecast_lat,forecast_lon
234497,2024-09-19 23:44:06,2024-09-20 23:44:06,46.456356048584000,-98.33416748046880,46.454219818115200,-98.3330307006836
234497,2024-09-19 23:44:06,2024-09-21 23:44:06,46.456356048584000,-98.33416748046880,46.45412826538090,-98.33317565917970
234497,2024-09-19 23:44:06,2024-09-22 23:44:06,46.456356048584000,-98.33416748046880,46.4542121887207,-98.3333511352539
234497,2024-09-19 23:44:06,2024-09-23 23:44:06,46.456356048584000,-98.33416748046880,46.45441436767580,-98.33354949951170
234497,2024-09-19 23:44:06,2024-09-24 23:44:06,46.456356048584000,-98.33416748046880,46.455204010009800,-98.33525848388670
234497,2024-09-19 23:44:06,2024-09-25 23:44:06,46.456356048584000,-98.33416748046880,46.45423889160160,-98.33446502685550
234497,2024-09-19 23:44:06,2024-09-26 23:44:06,46.456356048584000,-98.33416748046880,46.44873428344730,-98.3366928100586
234511,2024-09-19 23:48:07,2024-09-20 23:48:07,51.95267868041990,-105.47805786132800,51.95256423950200,-105.47898864746100
234511,2024-09-19 23:48:07,2024-09-21 23:48:07,51.95267868041990,-105.47805786132800,51.952613830566400,-105.47794342041000
234511,2024-09-19 23:48:07,2024-09-22 23:48:07,51.95267868041990,-105.47805786132800,51.95269012451170,-105.47908782959000
234511,2024-09-19 23:48:07,2024-09-23 23:48:07,51.95267868041990,-105.47805786132800,51.95264053344730,-105.47911834716800
234511,2024-09-19 23:48:07,2024-09-24 23:48:07,51.95267868041990,-105.47805786132800,51.95276641845700,-105.47892761230500
234511,2024-09-19 23:48:07,2024-09-25 23:48:07,51.95267868041990,-105.47805786132800,51.952667236328100,-105.47914123535200
234511,2024-09-19 23:48:07,2024-09-26 23:48:07,51.95267868041990,-105.47805786132800,51.95266342163090,-105.47798919677700
234512,2024-09-19 23:53:27,2024-09-20 23:53:27,50.571510314941400,-100.33033752441400,50.55961608886720,-100.31922912597700
234512,2024-09-19 23:53:27,2024-09-21 23:53:27,50.571510314941400,-100.33033752441400,50.55954360961910,-100.31922912597700
234512,2024-09-19 23:53:27,2024-09-22 23:53:27,50.571510314941400,-100.33033752441400,50.55949783325200,-100.3191909790040
234512,2024-09-19 23:53:27,2024-09-23 23:53:27,50.571510314941400,-100.33033752441400,50.55961227416990,-100.31915283203100
234512,2024-09-19 23:53:27,2024-09-24 23:53:27,50.571510314941400,-100.33033752441400,50.559600830078100,-100.31927490234400
234512,2024-09-19 23:53:27,2024-09-25 23:53:27,50.571510314941400,-100.33033752441400,50.55918884277340,-100.31980895996100
234512,2024-09-19 23:53:27,2024-09-26 23:53:27,50.571510314941400,-100.33033752441400,50.557247161865200,-100.33368682861300
234522,2024-09-19 23:19:41,2024-09-20 23:19:41,53.18312072753910,-108.7820281982420,53.18316268920900,-108.7820053100590
234522,2024-09-19 23:19:41,2024-09-21 23:19:41,53.18312072753910,-108.7820281982420,53.18316268920900,-108.78199768066400
234522,2024-09-19 23:19:41,2024-09-22 23:19:41,53.18312072753910,-108.7820281982420,53.182952880859400,-108.78263854980500
234522,2024-09-19 23:19:41,2024-09-23 23:19:41,53.18312072753910,-108.7820281982420,53.18313980102540,-108.78244018554700
234522,2024-09-19 23:19:41,2024-09-24 23:19:41,53.18312072753910,-108.7820281982420,53.1829719543457,-108.7826690673830
234522,2024-09-19 23:19:41,2024-09-25 23:19:41,53.18312072753910,-108.7820281982420,53.183135986328100,-108.78215026855500
234522,2024-09-19 23:19:41,2024-09-26 23:19:41,53.18312072753910,-108.7820281982420,53.183082580566400,-108.78199768066400
234531,2024-09-19 23:48:27,2024-09-20 23:48:27,45.9228630065918,-97.90711212158210,45.922794342041000,-97.90716552734380
234531,2024-09-19 23:48:27,2024-09-21 23:48:27,45.9228630065918,-97.90711212158210,45.92282485961910,-97.90721130371090
234531,2024-09-19 23:48:27,2024-09-22 23:48:27,45.9228630065918,-97.90711212158210,45.92285919189450,-97.9072265625
234531,2024-09-19 23:48:27,2024-09-23 23:48:27,45.9228630065918,-97.90711212158210,45.9228401184082,-97.90718841552730
234531,2024-09-19 23:48:27,2024-09-24 23:48:27,45.9228630065918,-97.90711212158210,45.92269134521490,-97.9073257446289
234531,2024-09-19 23:48:27,2024-09-25 23:48:27,45.9228630065918,-97.90711212158210,45.92282104492190,-97.90721893310550
234531,2024-09-19 23:48:27,2024-09-26 23:48:27,45.9228630065918,-97.90711212158210,45.92298889160160,-97.90718841552730
234537,2024-09-19 23:22:11,2024-09-20 23:22:11,46.60146713256840,-98.08821868896480,46.60149765014650,-98.08808135986330
234537,2024-09-19 23:22:11,2024-09-21 23:22:11,46.60146713256840,-98.08821868896480,46.60117721557620,-98.0878677368164
234537,2024-09-19 23:22:11,2024-09-22 23:22:11,46.60146713256840,-98.08821868896480,46.60184097290040,-98.08837890625
234537,2024-09-19 23:22:11,2024-09-23 23:22:11,46.60146713256840,-98.08821868896480,46.6016731262207,-98.0883331298828
234537,2024-09-19 23:22:11,2024-09-24 23:22:11,46.60146713256840,-98.08821868896480,46.60172653198240,-98.08832550048830
234537,2024-09-19 23:22:11,2024-09-25 23:22:11,46.60146713256840,-98.08821868896480,46.60167694091800,-98.08829498291020
234537,2024-09-19 23:22:11,2024-09-26 23:22:11,46.60146713256840,-98.08821868896480,46.60190200805660,-98.08815002441410
234541,2024-09-19 23:20:59,2024-09-20 23:20:59,51.14339828491210,-103.7222137451170,51.14351272583010,-103.72244262695300
234541,2024-09-19 23:20:59,2024-09-21 23:20:59,51.14339828491210,-103.7222137451170,51.14349365234380,-103.7223892211910
234541,2024-09-19 23:20:59,2024-09-22 23:20:59,51.14339828491210,-103.7222137451170,51.14312362670900,-103.72212982177700
234541,2024-09-19 23:20:59,2024-09-23 23:20:59,51.14339828491210,-103.7222137451170,51.14352416992190,-103.72225952148400
234541,2024-09-19 23:20:59,2024-09-24 23:20:59,51.14339828491210,-103.7222137451170,51.14350891113280,-103.72256469726600
234541,2024-09-19 23:20:59,2024-09-25 23:20:59,51.14339828491210,-103.7222137451170,51.1433219909668,-103.7223892211910
234541,2024-09-19 23:20:59,2024-09-26 23:20:59,51.14339828491210,-103.7222137451170,51.14347457885740,-103.72224426269500
234542,2024-09-19 23:56:14,2024-09-20 23:56:14,45.48298645019530,-98.31675720214840,45.4830436706543,-98.3168716430664
234542,2024-09-19 23:56:14,2024-09-21 23:56:14,45.48298645019530,-98.31675720214840,45.48292541503910,-98.31696319580080
234542,2024-09-19 23:56:14,2024-09-22 23:56:14,45.48298645019530,-98.31675720214840,45.48315048217770,-98.316650390625
234542,2024-09-19 23:56:14,2024-09-23 23:56:14,45.48298645019530,-98.31675720214840,45.48307800292970,-98.31658172607420
234542,2024-09-19 23:56:14,2024-09-24 23:56:14,45.48298645019530,-98.31675720214840,45.48310470581060,-98.31658172607420
234542,2024-09-19 23:56:14,2024-09-25 23:56:14,45.48298645019530,-98.31675720214840,45.48310089111330,-98.31651306152340
234542,2024-09-19 23:56:14,2024-09-26 23:56:14,45.48298645019530,-98.31675720214840,45.48327255249020,-98.31612396240230
234545,2024-09-19 23:24:10,2024-09-20 23:24:10,58.428524017334000,-111.85884857177700,58.4282341003418,-111.86052703857400
234545,2024-09-19 23:24:10,2024-09-21 23:24:10,58.428524017334000,-111.85884857177700,58.42799377441410,-111.86019897460900
234545,2024-09-19 23:24:10,2024-09-22 23:24:10,58.428524017334000,-111.85884857177700,58.42835998535160,-111.85803985595700
234545,2024-09-19 23:24:10,2024-09-23 23:24:10,58.428524017334000,-111.85884857177700,58.428977966308600,-111.85944366455100
234545,2024-09-19 23:24:10,2024-09-24 23:24:10,58.428524017334000,-111.85884857177700,58.428409576416000,-111.86038208007800
234545,2024-09-19 23:24:10,2024-09-25 23:24:10,58.428524017334000,-111.85884857177700,58.429237365722700,-111.85997009277300
234545,2024-09-19 23:24:10,2024-09-26 23:24:10,58.428524017334000,-111.85884857177700,58.42959213256840,-111.86006927490200
234547,2024-09-19 23:35:35,2024-09-20 23:35:35,50.19095230102540,-99.81314849853520,50.195499420166000,-99.81187438964840
234547,2024-09-19 23:35:35,2024-09-21 23:35:35,50.19095230102540,-99.81314849853520,50.19521713256840,-99.81178283691410
234547,2024-09-19 23:35:35,2024-09-22 23:35:35,50.19095230102540,-99.81314849853520,50.19694137573240,-99.81288146972660
234547,2024-09-19 23:35:35,2024-09-23 23:35:35,50.19095230102540,-99.81314849853520,50.19694900512700,-99.81285858154300
234547,2024-09-19 23:35:35,2024-09-24 23:35:35,50.19095230102540,-99.81314849853520,50.197113037109400,-99.8127212524414
234547,2024-09-19 23:35:35,2024-09-25 23:35:35,50.19095230102540,-99.81314849853520,50.19709777832030,-99.81290435791020
234547,2024-09-19 23:35:35,2024-09-26 23:35:35,50.19095230102540,-99.81314849853520,50.19697189331060,-99.8128890991211
234556,2024-09-19 23:34:43,2024-09-20 23:34:43,49.60894393920900,-101.78034973144500,49.60895538330080,-101.78025817871100
234556,2024-09-19 23:34:43,2024-09-21 23:34:43,49.60894393920900,-101.78034973144500,49.608917236328100,-101.78028106689500
234556,2024-09-19 23:34:43,2024-09-22 23:34:43,49.60894393920900,-101.78034973144500,49.60891342163090,-101.78028869628900
234556,2024-09-19 23:34:43,2024-09-23 23:34:43,49.60894393920900,-101.78034973144500,49.6088981628418,-101.78020477294900
234556,2024-09-19 23:34:43,2024-09-24 23:34:43,49.60894393920900,-101.78034973144500,49.60890197753910,-101.7801742553710
234556,2024-09-19 23:34:43,2024-09-25 23:34:43,49.60894393920900,-101.78034973144500,49.6089096069336,-101.78021240234400
234556,2024-09-19 23:34:43,2024-09-26 23:34:43,49.60894393920900,-101.78034973144500,49.60883331298830,-101.78038024902300
234564,2024-09-19 23:27:39,2024-09-20 23:27:39,52.792625427246100,-106.21003723144500,52.79205703735350,-106.2098617553710
234564,2024-09-19 23:27:39,2024-09-21 23:27:39,52.792625427246100,-106.21003723144500,52.79263305664060,-106.21245574951200
234564,2024-09-19 23:27:39,2024-09-22 23:27:39,52.792625427246100,-106.21003723144500,52.79248809814450,-106.20990753173800
234564,2024-09-19 23:27:39,2024-09-23 23:27:39,52.792625427246100,-106.21003723144500,52.79278945922850,-106.21420288085900
234564,2024-09-19 23:27:39,2024-09-24 23:27:39,52.792625427246100,-106.21003723144500,52.79256057739260,-106.21216583252000
234564,2024-09-19 23:27:39,2024-09-25 23:27:39,52.792625427246100,-106.21003723144500,52.79253768920900,-106.21215057373000
234564,2024-09-19 23:27:39,2024-09-26 23:27:39,52.792625427246100,-106.21003723144500,52.79281997680660,-106.2142562866210
234575,2024-09-19 23:41:04,2024-09-20 23:41:04,50.56093215942380,-101.8984375,50.55309295654300,-101.9078369140630
234575,2024-09-19 23:41:04,2024-09-21 23:41:04,50.56093215942380,-101.8984375,50.54880142211910,-101.90644073486300
234575,2024-09-19 23:41:04,2024-09-22 23:41:04,50.56093215942380,-101.8984375,50.5485725402832,-101.90631103515600
234575,2024-09-19 23:41:04,2024-09-23 23:41:04,50.56093215942380,-101.8984375,50.5488395690918,-101.90652465820300
234575,2024-09-19 23:41:04,2024-09-24 23:41:04,50.56093215942380,-101.8984375,50.55736923217770,-101.90227508544900
234575,2024-09-19 23:41:04,2024-09-25 23:41:04,50.56093215942380,-101.8984375,50.54841232299810,-101.90623474121100
234575,2024-09-19 23:41:04,2024-09-26 23:41:04,50.56093215942380,-101.8984375,50.54819488525390,-101.90603637695300
234591,2024-09-19 23:29:33,2024-09-20 23:29:33,48.66364288330080,-102.60735321044900,48.66557693481450,-102.60602569580100
234591,2024-09-19 23:29:33,2024-09-21 23:29:33,48.66364288330080,-102.60735321044900,48.66529083251950,-102.60515594482400
234591,2024-09-19 23:29:33,2024-09-22 23:29:33,48.66364288330080,-102.60735321044900,48.66547393798830,-102.60392761230500
234591,2024-09-19 23:29:33,2024-09-23 23:29:33,48.66364288330080,-102.60735321044900,48.6650619506836,-102.60457611084000
234591,2024-09-19 23:29:33,2024-09-24 23:29:33,48.66364288330080,-102.60735321044900,48.66362762451170,-102.60736846923800
234591,2024-09-19 23:29:33,2024-09-25 23:29:33,48.66364288330080,-102.60735321044900,48.66463470458980,-102.60310363769500
234591,2024-09-19 23:29:33,2024-09-26 23:29:33,48.66364288330080,-102.60735321044900,48.66462326049810,-102.60323333740200
226506,2024-09-19 23:05:05,2024-09-20 23:05:05,46.71079254150390,-99.1249008178711,46.7102165222168,-99.12376403808590
226506,2024-09-19 23:05:05,2024-09-21 23:05:05,46.71079254150390,-99.1249008178711,46.71068954467770,-99.12361145019530
226506,2024-09-19 23:05:05,2024-09-22 23:05:05,46.71079254150390,-99.1249008178711,46.71059036254880,-99.1240463256836
226506,2024-09-19 23:05:05,2024-09-23 23:05:05,46.71079254150390,-99.1249008178711,46.71043395996090,-99.12395477294920
226506,2024-09-19 23:05:05,2024-09-24 23:05:05,46.71079254150390,-99.1249008178711,46.71037292480470,-99.12393951416020
226506,2024-09-19 23:05:05,2024-09-25 23:05:05,46.71079254150390,-99.1249008178711,46.71007537841800,-99.123779296875
226506,2024-09-19 23:05:05,2024-09-26 23:05:05,46.71079254150390,-99.1249008178711,46.71036911010740,-99.1242904663086
226513,2024-09-19 23:04:14,2024-09-20 23:04:14,45.78470230102540,-96.92391967773440,45.78447723388670,-96.92398071289060
226513,2024-09-19 23:04:14,2024-09-21 23:04:14,45.78470230102540,-96.92391967773440,45.78468704223630,-96.92391967773440
226513,2024-09-19 23:04:14,2024-09-22 23:04:14,45.78470230102540,-96.92391967773440,45.78444290161130,-96.92413330078120
226513,2024-09-19 23:04:14,2024-09-23 23:04:14,45.78470230102540,-96.92391967773440,45.78456497192380,-96.92405700683590
226513,2024-09-19 23:04:14,2024-09-24 23:04:14,45.78470230102540,-96.92391967773440,45.78474807739260,-96.92366790771480
226513,2024-09-19 23:04:14,2024-09-25 23:04:14,45.78470230102540,-96.92391967773440,45.78483963012700,-96.92403411865230
226513,2024-09-19 23:04:14,2024-09-26 23:04:14,45.78470230102540,-96.92391967773440,45.784549713134800,-96.92377471923830
226514,2024-09-19 23:18:23,2024-09-20 23:18:23,53.55611038208010,-107.04813385009800,53.55525970458980,-107.0542221069340
226514,2024-09-19 23:18:23,2024-09-21 23:18:23,53.55611038208010,-107.04813385009800,53.55524444580080,-107.05418395996100
226514,2024-09-19 23:18:23,2024-09-22 23:18:23,53.55611038208010,-107.04813385009800,53.55524063110350,-107.05427551269500
226514,2024-09-19 23:18:23,2024-09-23 23:18:23,53.55611038208010,-107.04813385009800,53.55503845214840,-107.05418395996100
226514,2024-09-19 23:18:23,2024-09-24 23:18:23,53.55611038208010,-107.04813385009800,53.556114196777300,-107.04806518554700
226514,2024-09-19 23:18:23,2024-09-25 23:18:23,53.55611038208010,-107.04813385009800,53.55618667602540,-107.04793548584000
226514,2024-09-19 23:18:23,2024-09-26 23:18:23,53.55611038208010,-107.04813385009800,53.55619812011720,-107.04788970947300
226516,2024-09-19 10:35:07,2024-09-20 10:35:07,47.68828201293950,-99.17491912841800,47.68830871582030,-99.17498016357420
226516,2024-09-19 10:35:07,2024-09-21 10:35:07,47.68828201293950,-99.17491912841800,47.688255310058600,-99.1749038696289
226516,2024-09-19 10:35:07,2024-09-22 10:35:07,47.68828201293950,-99.17491912841800,47.68839645385740,-99.17505645751950
226516,2024-09-19 10:35:07,2024-09-23 10:35:07,47.68828201293950,-99.17491912841800,47.688255310058600,-99.1749038696289
226516,2024-09-19 10:35:07,2024-09-24 10:35:07,47.68828201293950,-99.17491912841800,47.68839645385740,-99.17505645751950
226516,2024-09-19 10:35:07,2024-09-25 10:35:07,47.68828201293950,-99.17491912841800,47.688255310058600,-99.1749038696289
226516,2024-09-19 10:35:07,2024-09-26 10:35:07,47.68828201293950,-99.17491912841800,47.68839645385740,-99.17505645751950
226517,2024-09-19 23:50:39,2024-09-20 23:50:39,50.4200439453125,-80.70050048828130,50.42028045654300,-80.70011901855470
226517,2024-09-19 23:50:39,2024-09-21 23:50:39,50.4200439453125,-80.70050048828130,50.422245025634800,-80.6991195678711
226517,2024-09-19 23:50:39,2024-09-22 23:50:39,50.4200439453125,-80.70050048828130,50.422584533691400,-80.69879913330080
226517,2024-09-19 23:50:39,2024-09-23 23:50:39,50.4200439453125,-80.70050048828130,50.42244338989260,-80.69892120361330
226517,2024-09-19 23:50:39,2024-09-24 23:50:39,50.4200439453125,-80.70050048828130,50.42237091064450,-80.69932556152340
226517,2024-09-19 23:50:39,2024-09-25 23:50:39,50.4200439453125,-80.70050048828130,50.42250061035160,-80.69920349121090
226517,2024-09-19 23:50:39,2024-09-26 23:50:39,50.4200439453125,-80.70050048828130,50.42243957519530,-80.69914245605470
226520,2024-09-19 23:14:35,2024-09-20 23:14:35,48.231422424316400,-101.79617309570300,48.22877502441410,-101.79788208007800
226520,2024-09-19 23:14:35,2024-09-21 23:14:35,48.231422424316400,-101.79617309570300,48.22896957397460,-101.79779052734400
226520,2024-09-19 23:14:35,2024-09-22 23:14:35,48.231422424316400,-101.79617309570300,48.22871780395510,-101.79806518554700
226520,2024-09-19 23:14:35,2024-09-23 23:14:35,48.231422424316400,-101.79617309570300,48.22875595092770,-101.79818725585900
226520,2024-09-19 23:14:35,2024-09-24 23:14:35,48.231422424316400,-101.79617309570300,48.22873306274410,-101.7981948852540
226520,2024-09-19 23:14:35,2024-09-25 23:14:35,48.231422424316400,-101.79617309570300,48.22869491577150,-101.7980499267580
226520,2024-09-19 23:14:35,2024-09-26 23:14:35,48.231422424316400,-101.79617309570300,48.228782653808600,-101.79801177978500
226521,2024-09-19 23:18:15,2024-09-20 23:18:15,36.073692321777300,-85.62386322021480,36.074100494384800,-85.62371826171880
226521,2024-09-19 23:18:15,2024-09-21 23:18:15,36.073692321777300,-85.62386322021480,36.07400894165040,-85.6239242553711
226521,2024-09-19 23:18:15,2024-09-22 23:18:15,36.073692321777300,-85.62386322021480,36.07364273071290,-85.62413024902340
226521,2024-09-19 23:18:15,2024-09-23 23:18:15,36.073692321777300,-85.62386322021480,36.07380294799810,-85.62396240234380
226521,2024-09-19 23:18:15,2024-09-24 23:18:15,36.073692321777300,-85.62386322021480,36.073974609375,-85.6238021850586
226521,2024-09-19 23:18:15,2024-09-25 23:18:15,36.073692321777300,-85.62386322021480,36.07368087768560,-85.62364196777340
226521,2024-09-19 23:18:15,2024-09-26 23:18:15,36.073692321777300,-85.62386322021480,36.073829650878900,-85.62352752685550
226524,2024-09-19 23:11:43,2024-09-20 23:11:43,50.27552032470700,-100.79898071289100,50.27488327026370,-100.79881286621100
226524,2024-09-19 23:11:43,2024-09-21 23:11:43,50.27552032470700,-100.79898071289100,50.27508163452150,-100.79843139648400
226524,2024-09-19 23:11:43,2024-09-22 23:11:43,50.27552032470700,-100.79898071289100,50.27528762817380,-100.79879760742200
226524,2024-09-19 23:11:43,2024-09-23 23:11:43,50.27552032470700,-100.79898071289100,50.27476119995120,-100.79840850830100
226524,2024-09-19 23:11:43,2024-09-24 23:11:43,50.27552032470700,-100.79898071289100,50.27532196044920,-100.79861450195300
226524,2024-09-19 23:11:43,2024-09-25 23:11:43,50.27552032470700,-100.79898071289100,50.27497482299810,-100.7984848022460
226524,2024-09-19 23:11:43,2024-09-26 23:11:43,50.27552032470700,-100.79898071289100,50.27480697631840,-100.7984390258790
226526,2024-09-19 23:58:11,2024-09-20 23:58:11,47.99468231201170,-98.41154479980470,47.99481964111330,-98.4117660522461
226526,2024-09-19 23:58:11,2024-09-21 23:58:11,47.99468231201170,-98.41154479980470,47.99520111083980,-98.4143524169922
226526,2024-09-19 23:58:11,2024-09-22 23:58:11,47.99468231201170,-98.41154479980470,47.99541091918950,-98.41387939453120
226526,2024-09-19 23:58:11,2024-09-23 23:58:11,47.99468231201170,-98.41154479980470,47.99556350708010,-98.41383361816410
226526,2024-09-19 23:58:11,2024-09-24 23:58:11,47.99468231201170,-98.41154479980470,47.99514389038090,-98.41413116455080
226526,2024-09-19 23:58:11,2024-09-25 23:58:11,47.99468231201170,-98.41154479980470,47.995262145996100,-98.41365051269530
226526,2024-09-19 23:58:11,2024-09-26 23:58:11,47.99468231201170,-98.41154479980470,47.99543762207030,-98.41410064697270
226527,2024-09-19 23:00:54,2024-09-20 23:00:54,48.23630142211910,-98.81548309326170,48.23627853393560,-98.81544494628910
226527,2024-09-19 23:00:54,2024-09-21 23:00:54,48.23630142211910,-98.81548309326170,48.23678588867190,-98.81544494628910
226527,2024-09-19 23:00:54,2024-09-22 23:00:54,48.23630142211910,-98.81548309326170,48.23639297485350,-98.8154067993164
226527,2024-09-19 23:00:54,2024-09-23 23:00:54,48.23630142211910,-98.81548309326170,48.236602783203100,-98.81529235839840
226527,2024-09-19 23:00:54,2024-09-24 23:00:54,48.23630142211910,-98.81548309326170,48.23624038696290,-98.81536865234380
226527,2024-09-19 23:00:54,2024-09-25 23:00:54,48.23630142211910,-98.81548309326170,48.23620223999020,-98.81531524658210
226527,2024-09-19 23:00:54,2024-09-26 23:00:54,48.23630142211910,-98.81548309326170,48.23618698120120,-98.81517028808590
226529,2024-09-19 23:00:31,2024-09-20 23:00:31,50.92941284179690,-101.3800277709960,50.92969131469730,-101.37979888916000
226529,2024-09-19 23:00:31,2024-09-21 23:00:31,50.92941284179690,-101.3800277709960,50.92924499511720,-101.3799057006840
226529,2024-09-19 23:00:31,2024-09-22 23:00:31,50.92941284179690,-101.3800277709960,50.92939758300780,-101.38011932373000
226529,2024-09-19 23:00:31,2024-09-23 23:00:31,50.92941284179690,-101.3800277709960,50.92936325073240,-101.3797836303710
226529,2024-09-19 23:00:31,2024-09-24 23:00:31,50.92941284179690,-101.3800277709960,50.929443359375,-101.37992095947300
226529,2024-09-19 23:00:31,2024-09-25 23:00:31,50.92941284179690,-101.3800277709960,50.9294548034668,-101.37994384765600
226529,2024-09-19 23:00:31,2024-09-26 23:00:31,50.92941284179690,-101.3800277709960,50.92916870117190,-101.3799285888670
226530,2024-09-19 23:45:13,2024-09-20 23:45:13,47.42709732055660,-100.03833770752000,47.42753219604490,-100.03639221191400
226530,2024-09-19 23:45:13,2024-09-21 23:45:13,47.42709732055660,-100.03833770752000,47.42743682861330,-100.03630065918000
226530,2024-09-19 23:45:13,2024-09-22 23:45:13,47.42709732055660,-100.03833770752000,47.42719268798830,-100.0362777709960
226530,2024-09-19 23:45:13,2024-09-23 23:45:13,47.42709732055660,-100.03833770752000,47.42741012573240,-100.03614807128900
226530,2024-09-19 23:45:13,2024-09-24 23:45:13,47.42709732055660,-100.03833770752000,47.42710876464840,-100.03616333007800
226530,2024-09-19 23:45:13,2024-09-25 23:45:13,47.42709732055660,-100.03833770752000,47.42680740356450,-100.03722381591800
226530,2024-09-19 23:45:13,2024-09-26 23:45:13,47.42709732055660,-100.03833770752000,47.42753982543950,-100.03843688964800
226532,2024-09-19 23:29:14,2024-09-20 23:29:14,47.46513366699220,-100.47734832763700,47.46505737304690,-100.47728729248000
226532,2024-09-19 23:29:14,2024-09-21 23:29:14,47.46513366699220,-100.47734832763700,47.46561050415040,-100.47745513916000
226532,2024-09-19 23:29:14,2024-09-22 23:29:14,47.46513366699220,-100.47734832763700,47.46547317504880,-100.4774169921880
226532,2024-09-19 23:29:14,2024-09-23 23:29:14,47.46513366699220,-100.47734832763700,47.46546936035160,-100.47738647460900
226532,2024-09-19 23:29:14,2024-09-24 23:29:14,47.46513366699220,-100.47734832763700,47.46538925170900,-100.47727966308600
226532,2024-09-19 23:29:14,2024-09-25 23:29:14,47.46513366699220,-100.47734832763700,47.46534729003910,-100.47712707519500
226532,2024-09-19 23:29:14,2024-09-26 23:29:14,47.46513366699220,-100.47734832763700,47.46523284912110,-100.47744750976600
226534,2024-09-19 23:26:28,2024-09-20 23:26:28,54.33621597290040,-110.27091217041000,54.33622360229490,-110.27092742919900
226534,2024-09-19 23:26:28,2024-09-21 23:26:28,54.33621597290040,-110.27091217041000,54.33609390258790,-110.2705307006840
226534,2024-09-19 23:26:28,2024-09-22 23:26:28,54.33621597290040,-110.27091217041000,54.333641052246100,-110.27263641357400
226534,2024-09-19 23:26:28,2024-09-23 23:26:28,54.33621597290040,-110.27091217041000,54.33403015136720,-110.27286529541000
226534,2024-09-19 23:26:28,2024-09-24 23:26:28,54.33621597290040,-110.27091217041000,54.33236312866210,-110.27232360839800
226534,2024-09-19 23:26:28,2024-09-25 23:26:28,54.33621597290040,-110.27091217041000,54.33232498168950,-110.27253723144500
226534,2024-09-19 23:26:28,2024-09-26 23:26:28,54.33621597290040,-110.27091217041000,54.33087158203130,-110.27198791503900
226540,2024-09-19 23:02:41,2024-09-20 23:02:41,47.25715255737310,-100.4583740234380,47.26067733764650,-100.4677505493160
226540,2024-09-19 23:02:41,2024-09-21 23:02:41,47.25715255737310,-100.4583740234380,47.26049423217770,-100.46773529052700
226540,2024-09-19 23:02:41,2024-09-22 23:02:41,47.25715255737310,-100.4583740234380,47.26029586791990,-100.46758270263700
226540,2024-09-19 23:02:41,2024-09-23 23:02:41,47.25715255737310,-100.4583740234380,47.260887145996100,-100.46790313720700
226540,2024-09-19 23:02:41,2024-09-24 23:02:41,47.25715255737310,-100.4583740234380,47.26083755493160,-100.46785736084000
226540,2024-09-19 23:02:41,2024-09-25 23:02:41,47.25715255737310,-100.4583740234380,47.26033020019530,-100.46763610839800
226540,2024-09-19 23:02:41,2024-09-26 23:02:41,47.25715255737310,-100.4583740234380,47.26208114624020,-100.4660186767580
226543,2024-09-19 23:26:23,2024-09-20 23:26:23,46.00332260131840,-93.2344207763672,46.0034294128418,-93.23439025878910
226543,2024-09-19 23:26:23,2024-09-21 23:26:23,46.00332260131840,-93.2344207763672,46.004207611084000,-93.2361831665039
226543,2024-09-19 23:26:23,2024-09-22 23:26:23,46.00332260131840,-93.2344207763672,46.004024505615200,-93.23680114746090
226543,2024-09-19 23:26:23,2024-09-23 23:26:23,46.00332260131840,-93.2344207763672,46.0036735534668,-93.23465728759770
226543,2024-09-19 23:26:23,2024-09-24 23:26:23,46.00332260131840,-93.2344207763672,46.00362014770510,-93.23675537109380
226543,2024-09-19 23:26:23,2024-09-25 23:26:23,46.00332260131840,-93.2344207763672,46.003883361816400,-93.23544311523440
226543,2024-09-19 23:26:23,2024-09-26 23:26:23,46.00332260131840,-93.2344207763672,46.00364303588870,-93.23594665527340
226549,2024-09-19 23:25:11,2024-09-20 23:25:11,45.36455535888670,-92.46796417236330,45.36426544189450,-92.46735382080080
226549,2024-09-19 23:25:11,2024-09-21 23:25:11,45.36455535888670,-92.46796417236330,45.36467361450200,-92.4673843383789
226549,2024-09-19 23:25:11,2024-09-22 23:25:11,45.36455535888670,-92.46796417236330,45.36427307128910,-92.46778869628910
226549,2024-09-19 23:25:11,2024-09-23 23:25:11,45.36455535888670,-92.46796417236330,45.36477279663090,-92.4675521850586
226549,2024-09-19 23:25:11,2024-09-24 23:25:11,45.36455535888670,-92.46796417236330,45.36483383178710,-92.46761322021480
226549,2024-09-19 23:25:11,2024-09-25 23:25:11,45.36455535888670,-92.46796417236330,45.36476135253910,-92.46784973144530
226549,2024-09-19 23:25:11,2024-09-26 23:25:11,45.36455535888670,-92.46796417236330,45.36481475830080,-92.46755981445310
236791,2024-09-19 23:55:39,2024-09-20 23:55:39,47.48800277709960,-99.46089935302730,47.4970703125,-99.46732330322270
236791,2024-09-19 23:55:39,2024-09-21 23:55:39,47.48800277709960,-99.46089935302730,47.4975700378418,-99.4678192138672
236791,2024-09-19 23:55:39,2024-09-22 23:55:39,47.48800277709960,-99.46089935302730,47.49760437011720,-99.467529296875
236791,2024-09-19 23:55:39,2024-09-23 23:55:39,47.48800277709960,-99.46089935302730,47.49666976928710,-99.46778869628910
236791,2024-09-19 23:55:39,2024-09-24 23:55:39,47.48800277709960,-99.46089935302730,47.49764633178710,-99.46831512451170
236791,2024-09-19 23:55:39,2024-09-25 23:55:39,47.48800277709960,-99.46089935302730,47.49763488769530,-99.4677963256836
236791,2024-09-19 23:55:39,2024-09-26 23:55:39,47.48800277709960,-99.46089935302730,47.497291564941400,-99.46756744384770
236792,2024-09-19 23:21:05,2024-09-20 23:21:05,44.86189270019530,-93.19295501708980,44.86191177368160,-93.1929702758789
236792,2024-09-19 23:21:05,2024-09-21 23:21:05,44.86189270019530,-93.19295501708980,44.861934661865200,-93.1929931640625
236792,2024-09-19 23:21:05,2024-09-22 23:21:05,44.86189270019530,-93.19295501708980,44.86182403564450,-93.19269561767580
236792,2024-09-19 23:21:05,2024-09-23 23:21:05,44.86189270019530,-93.19295501708980,44.86205291748050,-93.19290161132810
236792,2024-09-19 23:21:05,2024-09-24 23:21:05,44.86189270019530,-93.19295501708980,44.86188507080080,-93.19298553466800
236792,2024-09-19 23:21:05,2024-09-25 23:21:05,44.86189270019530,-93.19295501708980,44.86200714111330,-93.19197845458980
236792,2024-09-19 23:21:05,2024-09-26 23:21:05,44.86189270019530,-93.19295501708980,44.86202239990230,-93.19266510009770
236794,2024-09-19 23:08:21,2024-09-20 23:08:21,48.88343811035160,-103.29957580566400,48.88483047485350,-103.30076599121100
236794,2024-09-19 23:08:21,2024-09-21 23:08:21,48.88343811035160,-103.29957580566400,48.87123107910160,-103.29244995117200
236794,2024-09-19 23:08:21,2024-09-22 23:08:21,48.88343811035160,-103.29957580566400,48.8714599609375,-103.29280090332000
236794,2024-09-19 23:08:21,2024-09-23 23:08:21,48.88343811035160,-103.29957580566400,48.871578216552700,-103.292724609375
236794,2024-09-19 23:08:21,2024-09-24 23:08:21,48.88343811035160,-103.29957580566400,48.87150573730470,-103.29291534423800
236794,2024-09-19 23:08:21,2024-09-25 23:08:21,48.88343811035160,-103.29957580566400,48.881980895996100,-103.29215240478500
236794,2024-09-19 23:08:21,2024-09-26 23:08:21,48.88343811035160,-103.29957580566400,48.88489532470700,-103.30021667480500
226554,2024-09-19 22:51:16,2024-09-20 22:51:16,44.232791900634800,-88.3592758178711,44.21237182617190,-88.38199615478520
226554,2024-09-19 22:51:16,2024-09-21 22:51:16,44.232791900634800,-88.3592758178711,44.21357345581060,-88.38400268554690
226554,2024-09-19 22:51:16,2024-09-22 22:51:16,44.232791900634800,-88.3592758178711,44.21331024169920,-88.38387298583980
226554,2024-09-19 22:51:16,2024-09-23 22:51:16,44.232791900634800,-88.3592758178711,44.213497161865200,-88.38349914550780
226554,2024-09-19 22:51:16,2024-09-24 22:51:16,44.232791900634800,-88.3592758178711,44.21269989013670,-88.38230895996090
226554,2024-09-19 22:51:16,2024-09-25 22:51:16,44.232791900634800,-88.3592758178711,44.23295211791990,-88.35942840576170
226554,2024-09-19 22:51:16,2024-09-26 22:51:16,44.232791900634800,-88.3592758178711,44.23334503173830,-88.3597640991211
236799,2024-09-19 23:05:44,2024-09-20 23:05:44,57.43058776855470,-104.74786376953100,57.43068313598630,-104.7478485107420
236799,2024-09-19 23:05:44,2024-09-21 23:05:44,57.43058776855470,-104.74786376953100,57.43025588989260,-104.74858856201200
236799,2024-09-19 23:05:44,2024-09-22 23:05:44,57.43058776855470,-104.74786376953100,57.430206298828100,-104.74878692627000
236799,2024-09-19 23:05:44,2024-09-23 23:05:44,57.43058776855470,-104.74786376953100,57.43037796020510,-104.74861907959000
236799,2024-09-19 23:05:44,2024-09-24 23:05:44,57.43058776855470,-104.74786376953100,57.43014144897460,-104.74893951416000
236799,2024-09-19 23:05:44,2024-09-25 23:05:44,57.43058776855470,-104.74786376953100,57.430057525634800,-104.74832916259800
236799,2024-09-19 23:05:44,2024-09-26 23:05:44,57.43058776855470,-104.74786376953100,57.429935455322300,-104.74779510498000
236800,2024-09-19 23:35:15,2024-09-20 23:35:15,58.76958847045900,-111.80607604980500,58.76960372924810,-111.80555725097700
236800,2024-09-19 23:35:15,2024-09-21 23:35:15,58.76958847045900,-111.80607604980500,58.76958084106450,-111.80619049072300
236800,2024-09-19 23:35:15,2024-09-22 23:35:15,58.76958847045900,-111.80607604980500,58.76939392089840,-111.80597686767600
236800,2024-09-19 23:35:15,2024-09-23 23:35:15,58.76958847045900,-111.80607604980500,58.76946258544920,-111.80631256103500
236800,2024-09-19 23:35:15,2024-09-24 23:35:15,58.76958847045900,-111.80607604980500,58.76945877075200,-111.80612182617200
236800,2024-09-19 23:35:15,2024-09-25 23:35:15,58.76958847045900,-111.80607604980500,58.76955795288090,-111.80648803710900
236800,2024-09-19 23:35:15,2024-09-26 23:35:15,58.76958847045900,-111.80607604980500,58.76951599121090,-111.80601501464800
236802,2024-09-19 23:56:49,2024-09-20 23:56:49,51.127685546875,-104.11420440673800,51.127288818359400,-104.1140594482420
236802,2024-09-19 23:56:49,2024-09-21 23:56:49,51.127685546875,-104.11420440673800,51.127532958984400,-104.11421966552700
236802,2024-09-19 23:56:49,2024-09-22 23:56:49,51.127685546875,-104.11420440673800,51.13057327270510,-104.10936737060500
236802,2024-09-19 23:56:49,2024-09-23 23:56:49,51.127685546875,-104.11420440673800,51.13054656982420,-104.10934448242200
236802,2024-09-19 23:56:49,2024-09-24 23:56:49,51.127685546875,-104.11420440673800,51.13050842285160,-104.10936737060500
236802,2024-09-19 23:56:49,2024-09-25 23:56:49,51.127685546875,-104.11420440673800,51.13070297241210,-104.10926055908200
236802,2024-09-19 23:56:49,2024-09-26 23:56:49,51.127685546875,-104.11420440673800,51.1305046081543,-104.10918426513700
236803,2024-09-19 23:58:04,2024-09-20 23:58:04,52.62413024902340,-104.96638488769500,52.6232795715332,-104.96732330322300
236803,2024-09-19 23:58:04,2024-09-21 23:58:04,52.62413024902340,-104.96638488769500,52.62350845336910,-104.967529296875
236803,2024-09-19 23:58:04,2024-09-22 23:58:04,52.62413024902340,-104.96638488769500,52.62336730957030,-104.96749877929700
236803,2024-09-19 23:58:04,2024-09-23 23:58:04,52.62413024902340,-104.96638488769500,52.623531341552700,-104.96759796142600
236803,2024-09-19 23:58:04,2024-09-24 23:58:04,52.62413024902340,-104.96638488769500,52.62361145019530,-104.96749114990200
236803,2024-09-19 23:58:04,2024-09-25 23:58:04,52.62413024902340,-104.96638488769500,52.62367630004880,-104.96783447265600
236803,2024-09-19 23:58:04,2024-09-26 23:58:04,52.62413024902340,-104.96638488769500,52.62394714355470,-104.96609497070300
226568,2024-09-19 23:47:31,2024-09-20 23:47:31,51.09389114379880,-103.65486907959000,51.093055725097700,-103.6559829711910
226568,2024-09-19 23:47:31,2024-09-21 23:47:31,51.09389114379880,-103.65486907959000,51.093746185302700,-103.65401458740200
226568,2024-09-19 23:47:31,2024-09-22 23:47:31,51.09389114379880,-103.65486907959000,51.09393310546880,-103.65469360351600
226568,2024-09-19 23:47:31,2024-09-23 23:47:31,51.09389114379880,-103.65486907959000,51.09336471557620,-103.65508270263700
226568,2024-09-19 23:47:31,2024-09-24 23:47:31,51.09389114379880,-103.65486907959000,51.09369659423830,-103.65489196777300
226568,2024-09-19 23:47:31,2024-09-25 23:47:31,51.09389114379880,-103.65486907959000,51.09411239624020,-103.6553726196290
226568,2024-09-19 23:47:31,2024-09-26 23:47:31,51.09389114379880,-103.65486907959000,51.09323501586910,-103.65445709228500
236811,2024-09-19 23:35:23,2024-09-20 23:35:23,48.24087905883790,-98.9322509765625,48.23442459106450,-98.905517578125
236811,2024-09-19 23:35:23,2024-09-21 23:35:23,48.24087905883790,-98.9322509765625,48.23462677001950,-98.90545654296880
236811,2024-09-19 23:35:23,2024-09-22 23:35:23,48.24087905883790,-98.9322509765625,48.23875045776370,-98.9126968383789
236811,2024-09-19 23:35:23,2024-09-23 23:35:23,48.24087905883790,-98.9322509765625,48.23858642578130,-98.91350555419920
236811,2024-09-19 23:35:23,2024-09-24 23:35:23,48.24087905883790,-98.9322509765625,48.23921585083010,-98.91378784179690
236811,2024-09-19 23:35:23,2024-09-25 23:35:23,48.24087905883790,-98.9322509765625,48.23912048339840,-98.9138641357422
236811,2024-09-19 23:35:23,2024-09-26 23:35:23,48.24087905883790,-98.9322509765625,48.2391242980957,-98.91387939453120
236812,2024-09-19 23:13:59,2024-09-20 23:13:59,50.84139251708980,-108.4606704711910,50.84093475341800,-108.4609146118160
236812,2024-09-19 23:13:59,2024-09-21 23:13:59,50.84139251708980,-108.4606704711910,50.84117126464840,-108.46056365966800
236812,2024-09-19 23:13:59,2024-09-22 23:13:59,50.84139251708980,-108.4606704711910,50.82409286499020,-108.45957946777300
236812,2024-09-19 23:13:59,2024-09-23 23:13:59,50.84139251708980,-108.4606704711910,50.82415771484380,-108.45941162109400
236812,2024-09-19 23:13:59,2024-09-24 23:13:59,50.84139251708980,-108.4606704711910,50.82527923583980,-108.46054077148400
236812,2024-09-19 23:13:59,2024-09-25 23:13:59,50.84139251708980,-108.4606704711910,50.82362747192380,-108.45911407470700
236812,2024-09-19 23:13:59,2024-09-26 23:13:59,50.84139251708980,-108.4606704711910,50.8227424621582,-108.45704650878900
236816,2024-09-19 23:09:32,2024-09-20 23:09:32,45.11022567749020,-98.71034240722660,45.1108627319336,-98.71055603027340
236816,2024-09-19 23:09:32,2024-09-21 23:09:32,45.11022567749020,-98.71034240722660,45.11054611206060,-98.71060943603520
236816,2024-09-19 23:09:32,2024-09-22 23:09:32,45.11022567749020,-98.71034240722660,45.11029815673830,-98.71031188964840
236816,2024-09-19 23:09:32,2024-09-23 23:09:32,45.11022567749020,-98.71034240722660,45.11051559448240,-98.71106719970710
236816,2024-09-19 23:09:32,2024-09-24 23:09:32,45.11022567749020,-98.71034240722660,45.11063003540040,-98.71007537841800
236816,2024-09-19 23:09:32,2024-09-25 23:09:32,45.11022567749020,-98.71034240722660,45.11029052734380,-98.71065521240230
236816,2024-09-19 23:09:32,2024-09-26 23:09:32,45.11022567749020,-98.71034240722660,45.11030197143560,-98.7110824584961
236818,2024-09-19 23:02:07,2024-09-20 23:02:07,53.88434600830080,-98.03733825683590,53.883766174316400,-98.03849029541020
236818,2024-09-19 23:02:07,2024-09-21 23:02:07,53.88434600830080,-98.03733825683590,53.88374710083010,-98.03829956054690
236818,2024-09-19 23:02:07,2024-09-22 23:02:07,53.88434600830080,-98.03733825683590,53.8835334777832,-98.0382308959961
236818,2024-09-19 23:02:07,2024-09-23 23:02:07,53.88434600830080,-98.03733825683590,53.88361358642580,-98.03849029541020
236818,2024-09-19 23:02:07,2024-09-24 23:02:07,53.88434600830080,-98.03733825683590,53.883548736572300,-98.03804779052730
236818,2024-09-19 23:02:07,2024-09-25 23:02:07,53.88434600830080,-98.03733825683590,53.8840446472168,-98.0384750366211
236818,2024-09-19 23:02:07,2024-09-26 23:02:07,53.88434600830080,-98.03733825683590,53.88397979736330,-98.03839111328120
236820,2024-09-19 23:52:38,2024-09-20 23:52:38,47.04866790771490,-99.12957000732420,47.04866790771490,-99.12933349609380
236820,2024-09-19 23:52:38,2024-09-21 23:52:38,47.04866790771490,-99.12957000732420,47.04841995239260,-99.12911987304690
236820,2024-09-19 23:52:38,2024-09-22 23:52:38,47.04866790771490,-99.12957000732420,47.04863357543950,-99.12936401367190
236820,2024-09-19 23:52:38,2024-09-23 23:52:38,47.04866790771490,-99.12957000732420,47.048709869384800,-99.12945556640620
236820,2024-09-19 23:52:38,2024-09-24 23:52:38,47.04866790771490,-99.12957000732420,47.04865646362310,-99.1292724609375
236820,2024-09-19 23:52:38,2024-09-25 23:52:38,47.04866790771490,-99.12957000732420,47.04855346679690,-99.12938690185550
236820,2024-09-19 23:52:38,2024-09-26 23:52:38,47.04866790771490,-99.12957000732420,47.048675537109400,-99.12958526611330
226582,2024-09-19 23:41:02,2024-09-20 23:41:02,52.90340042114260,-107.70494079589800,52.903316497802700,-107.70448303222700
226582,2024-09-19 23:41:02,2024-09-21 23:41:02,52.90340042114260,-107.70494079589800,52.90334701538090,-107.7047882080080
226582,2024-09-19 23:41:02,2024-09-22 23:41:02,52.90340042114260,-107.70494079589800,52.90366363525390,-107.70467376709000
226582,2024-09-19 23:41:02,2024-09-23 23:41:02,52.90340042114260,-107.70494079589800,52.90353393554690,-107.70491027832000
226582,2024-09-19 23:41:02,2024-09-24 23:41:02,52.90340042114260,-107.70494079589800,52.90378952026370,-107.704833984375
226582,2024-09-19 23:41:02,2024-09-25 23:41:02,52.90340042114260,-107.70494079589800,52.90370178222660,-107.7050323486330
226582,2024-09-19 23:41:02,2024-09-26 23:41:02,52.90340042114260,-107.70494079589800,52.90379333496090,-107.70479583740200
236826,2024-09-19 23:21:49,2024-09-20 23:21:49,66.00033569335940,-123.1929931640630,66.0001449584961,-123.19307708740200
236826,2024-09-19 23:21:49,2024-09-21 23:21:49,66.00033569335940,-123.1929931640630,66.0002212524414,-123.1932601928710
236826,2024-09-19 23:21:49,2024-09-22 23:21:49,66.00033569335940,-123.1929931640630,66.00025939941410,-123.19365692138700
236826,2024-09-19 23:21:49,2024-09-23 23:21:49,66.00033569335940,-123.1929931640630,66.0003890991211,-123.19356536865200
236826,2024-09-19 23:21:49,2024-09-24 23:21:49,66.00033569335940,-123.1929931640630,66.00039672851560,-123.19351959228500
236826,2024-09-19 23:21:49,2024-09-25 23:21:49,66.00033569335940,-123.1929931640630,66.00041961669920,-123.1931381225590
236826,2024-09-19 23:21:49,2024-09-26 23:21:49,66.00033569335940,-123.1929931640630,66.00006866455080,-123.19316864013700
236830,2024-09-19 23:23:14,2024-09-20 23:23:14,47.20487976074220,-99.59722900390620,47.20643997192380,-99.5977020263672
236830,2024-09-19 23:23:14,2024-09-21 23:23:14,47.20487976074220,-99.59722900390620,47.20643615722660,-99.5977020263672
236830,2024-09-19 23:23:14,2024-09-22 23:23:14,47.20487976074220,-99.59722900390620,47.20646667480470,-99.5972900390625
236830,2024-09-19 23:23:14,2024-09-23 23:23:14,47.20487976074220,-99.59722900390620,47.20498275756840,-99.59716796875
236830,2024-09-19 23:23:14,2024-09-24 23:23:14,47.20487976074220,-99.59722900390620,47.20646286010740,-99.59825897216800
236830,2024-09-19 23:23:14,2024-09-25 23:23:14,47.20487976074220,-99.59722900390620,47.20652770996090,-99.59797668457030
236830,2024-09-19 23:23:14,2024-09-26 23:23:14,47.20487976074220,-99.59722900390620,47.206661224365200,-99.59817504882810
236832,2024-09-19 23:34:35,2024-09-20 23:34:35,48.395599365234400,-95.92083740234380,48.39600372314450,-95.92084503173830
236832,2024-09-19 23:34:35,2024-09-21 23:34:35,48.395599365234400,-95.92083740234380,48.39594650268560,-95.92095947265620
236832,2024-09-19 23:34:35,2024-09-22 23:34:35,48.395599365234400,-95.92083740234380,48.39601516723630,-95.92108154296880
236832,2024-09-19 23:34:35,2024-09-23 23:34:35,48.395599365234400,-95.92083740234380,48.39567947387700,-95.9210968017578
236832,2024-09-19 23:34:35,2024-09-24 23:34:35,48.395599365234400,-95.92083740234380,48.39602279663090,-95.9208984375
236832,2024-09-19 23:34:35,2024-09-25 23:34:35,48.395599365234400,-95.92083740234380,48.39567947387700,-95.92186737060550
236832,2024-09-19 23:34:35,2024-09-26 23:34:35,48.395599365234400,-95.92083740234380,48.39895248413090,-95.93621826171880
236834,2024-09-19 23:01:36,2024-09-20 23:01:36,50.54770278930660,-100.43425750732400,50.53994369506840,-100.42588806152300
236834,2024-09-19 23:01:36,2024-09-21 23:01:36,50.54770278930660,-100.43425750732400,50.54012680053710,-100.42594909668000
236834,2024-09-19 23:01:36,2024-09-22 23:01:36,50.54770278930660,-100.43425750732400,50.539886474609400,-100.42591094970700
236834,2024-09-19 23:01:36,2024-09-23 23:01:36,50.54770278930660,-100.43425750732400,50.5399284362793,-100.4258270263670
236834,2024-09-19 23:01:36,2024-09-24 23:01:36,50.54770278930660,-100.43425750732400,50.539981842041000,-100.42618560791000
236834,2024-09-19 23:01:36,2024-09-25 23:01:36,50.54770278930660,-100.43425750732400,50.53499221801760,-100.44378662109400
236834,2024-09-19 23:01:36,2024-09-26 23:01:36,50.54770278930660,-100.43425750732400,50.534912109375,-100.4439697265630
236837,2024-09-19 23:10:40,2024-09-20 23:10:40,46.419525146484400,-94.17127990722660,46.4195556640625,-94.17144012451170
236837,2024-09-19 23:10:40,2024-09-21 23:10:40,46.419525146484400,-94.17127990722660,46.42023468017580,-94.17279052734380
236837,2024-09-19 23:10:40,2024-09-22 23:10:40,46.419525146484400,-94.17127990722660,46.42018127441410,-94.17269134521480
236837,2024-09-19 23:10:40,2024-09-23 23:10:40,46.419525146484400,-94.17127990722660,46.42030334472660,-94.17346954345710
236837,2024-09-19 23:10:40,2024-09-24 23:10:40,46.419525146484400,-94.17127990722660,46.42041778564450,-94.17408752441410
236837,2024-09-19 23:10:40,2024-09-25 23:10:40,46.419525146484400,-94.17127990722660,46.41996765136720,-94.1724090576172
236837,2024-09-19 23:10:40,2024-09-26 23:10:40,46.419525146484400,-94.17127990722660,46.42021179199220,-94.17343139648440
236841,2024-09-19 23:16:15,2024-09-20 23:16:15,48.93739318847660,-99.33968353271480,48.9368782043457,-99.33976745605470
236841,2024-09-19 23:16:15,2024-09-21 23:16:15,48.93739318847660,-99.33968353271480,48.93740463256840,-99.3391571044922
236841,2024-09-19 23:16:15,2024-09-22 23:16:15,48.93739318847660,-99.33968353271480,48.93693542480470,-99.33941650390620
236841,2024-09-19 23:16:15,2024-09-23 23:16:15,48.93739318847660,-99.33968353271480,48.93709945678710,-99.34009552001950
236841,2024-09-19 23:16:15,2024-09-24 23:16:15,48.93739318847660,-99.33968353271480,48.93727493286130,-99.3399658203125
236841,2024-09-19 23:16:15,2024-09-25 23:16:15,48.93739318847660,-99.33968353271480,48.93621063232420,-99.33854675292970
236841,2024-09-19 23:16:15,2024-09-26 23:16:15,48.93739318847660,-99.33968353271480,48.93544769287110,-99.33838653564450
236843,2024-09-19 23:39:17,2024-09-20 23:39:17,47.41372299194340,-95.70997619628910,47.41371536254880,-95.71009826660160
236843,2024-09-19 23:39:17,2024-09-21 23:39:17,47.41372299194340,-95.70997619628910,47.41399765014650,-95.71036529541020
236843,2024-09-19 23:39:17,2024-09-22 23:39:17,47.41372299194340,-95.70997619628910,47.414794921875,-95.71038818359380
236843,2024-09-19 23:39:17,2024-09-23 23:39:17,47.41372299194340,-95.70997619628910,47.41396713256840,-95.7102279663086
236843,2024-09-19 23:39:17,2024-09-24 23:39:17,47.41372299194340,-95.70997619628910,47.4137077331543,-95.71021270751950
236843,2024-09-19 23:39:17,2024-09-25 23:39:17,47.41372299194340,-95.70997619628910,47.41344833374020,-95.70999908447270
236843,2024-09-19 23:39:17,2024-09-26 23:39:17,47.41372299194340,-95.70997619628910,47.41379928588870,-95.7103500366211
236844,2024-09-19 23:11:33,2024-09-20 23:11:33,48.48832702636720,-99.15930938720710,48.489166259765600,-99.16018676757810
236844,2024-09-19 23:11:33,2024-09-21 23:11:33,48.48832702636720,-99.15930938720710,48.48887634277340,-99.1597671508789
236844,2024-09-19 23:11:33,2024-09-22 23:11:33,48.48832702636720,-99.15930938720710,48.489356994628900,-99.15998077392580
236844,2024-09-19 23:11:33,2024-09-23 23:11:33,48.48832702636720,-99.15930938720710,48.48982238769530,-99.1604995727539
236844,2024-09-19 23:11:33,2024-09-24 23:11:33,48.48832702636720,-99.15930938720710,48.48993682861330,-99.16060638427730
236844,2024-09-19 23:11:33,2024-09-25 23:11:33,48.48832702636720,-99.15930938720710,48.490020751953100,-99.16034698486330
236844,2024-09-19 23:11:33,2024-09-26 23:11:33,48.48832702636720,-99.15930938720710,48.49018478393560,-99.16006469726560
236845,2024-09-19 23:58:14,2024-09-20 23:58:14,47.5926628112793,-100.0896224975590,47.59246826171880,-100.08948516845700
236845,2024-09-19 23:58:14,2024-09-21 23:58:14,47.5926628112793,-100.0896224975590,47.59252166748050,-100.0895004272460
236845,2024-09-19 23:58:14,2024-09-22 23:58:14,47.5926628112793,-100.0896224975590,47.59223937988280,-100.08969116210900
236845,2024-09-19 23:58:14,2024-09-23 23:58:14,47.5926628112793,-100.0896224975590,47.59247970581060,-100.08968353271500
236845,2024-09-19 23:58:14,2024-09-24 23:58:14,47.5926628112793,-100.0896224975590,47.59245681762700,-100.08965301513700
236845,2024-09-19 23:58:14,2024-09-25 23:58:14,47.5926628112793,-100.0896224975590,47.59236907958980,-100.08946228027300
236845,2024-09-19 23:58:14,2024-09-26 23:58:14,47.5926628112793,-100.0896224975590,47.59185409545900,-100.0879364013670
236846,2024-09-19 23:49:49,2024-09-20 23:49:49,52.72887420654300,-107.25328826904300,52.72756576538090,-107.25157928466800
236846,2024-09-19 23:49:49,2024-09-21 23:49:49,52.72887420654300,-107.25328826904300,52.7286491394043,-107.25064849853500
236846,2024-09-19 23:49:49,2024-09-22 23:49:49,52.72887420654300,-107.25328826904300,52.72721099853520,-107.2528839111330
236846,2024-09-19 23:49:49,2024-09-23 23:49:49,52.72887420654300,-107.25328826904300,52.72826385498050,-107.25032806396500
236846,2024-09-19 23:49:49,2024-09-24 23:49:49,52.72887420654300,-107.25328826904300,52.72838973999020,-107.2499008178710
236846,2024-09-19 23:49:49,2024-09-25 23:49:49,52.72887420654300,-107.25328826904300,52.7316780090332,-107.26229858398400
236846,2024-09-19 23:49:49,2024-09-26 23:49:49,52.72887420654300,-107.25328826904300,52.73183822631840,-107.26246643066400
236850,2024-09-19 23:01:25,2024-09-20 23:01:25,51.43716812133790,-100.2870864868160,51.42901611328130,-100.28620910644500
236850,2024-09-19 23:01:25,2024-09-21 23:01:25,51.43716812133790,-100.2870864868160,51.42905044555660,-100.28604125976600
236850,2024-09-19 23:01:25,2024-09-22 23:01:25,51.43716812133790,-100.2870864868160,51.42873001098630,-100.28588104248000
236850,2024-09-19 23:01:25,2024-09-23 23:01:25,51.43716812133790,-100.2870864868160,51.42799758911130,-100.285400390625
236850,2024-09-19 23:01:25,2024-09-24 23:01:25,51.43716812133790,-100.2870864868160,51.428321838378900,-100.2852020263670
236850,2024-09-19 23:01:25,2024-09-25 23:01:25,51.43716812133790,-100.2870864868160,51.42816925048830,-100.28443145752000
236850,2024-09-19 23:01:25,2024-09-26 23:01:25,51.43716812133790,-100.2870864868160,51.42805480957030,-100.28446197509800
226611,2024-09-19 23:53:04,2024-09-20 23:53:04,45.05001449584960,-98.59002685546880,45.05087661743160,-98.58924865722660
226611,2024-09-19 23:53:04,2024-09-21 23:53:04,45.05001449584960,-98.59002685546880,45.05097579956060,-98.5894546508789
226611,2024-09-19 23:53:04,2024-09-22 23:53:04,45.05001449584960,-98.59002685546880,45.05097961425780,-98.5893783569336
226611,2024-09-19 23:53:04,2024-09-23 23:53:04,45.05001449584960,-98.59002685546880,45.05100631713870,-98.58938598632810
226611,2024-09-19 23:53:04,2024-09-24 23:53:04,45.05001449584960,-98.59002685546880,45.0507926940918,-98.58976745605470
226611,2024-09-19 23:53:04,2024-09-25 23:53:04,45.05001449584960,-98.59002685546880,45.05085372924810,-98.58929443359380
226611,2024-09-19 23:53:04,2024-09-26 23:53:04,45.05001449584960,-98.59002685546880,45.05077362060550,-98.58895874023440
236856,2024-09-19 23:05:18,2024-09-20 23:05:18,47.95748901367190,-99.329833984375,47.95771789550780,-99.33050537109380
236856,2024-09-19 23:05:18,2024-09-21 23:05:18,47.95748901367190,-99.329833984375,47.95755386352540,-99.3309555053711
236856,2024-09-19 23:05:18,2024-09-22 23:05:18,47.95748901367190,-99.329833984375,47.9580078125,-99.33241271972660
236856,2024-09-19 23:05:18,2024-09-23 23:05:18,47.95748901367190,-99.329833984375,47.95866775512700,-99.339111328125
236856,2024-09-19 23:05:18,2024-09-24 23:05:18,47.95748901367190,-99.329833984375,47.95752716064450,-99.33628845214840
236856,2024-09-19 23:05:18,2024-09-25 23:05:18,47.95748901367190,-99.329833984375,47.95769500732420,-99.33617401123050
236856,2024-09-19 23:05:18,2024-09-26 23:05:18,47.95748901367190,-99.329833984375,47.9575080871582,-99.33638763427730
236858,2024-09-19 23:27:01,2024-09-20 23:27:01,50.54029083251950,-100.47248077392600,50.53913879394530,-100.4725341796880
236858,2024-09-19 23:27:01,2024-09-21 23:27:01,50.54029083251950,-100.47248077392600,50.53864288330080,-100.47262573242200
236858,2024-09-19 23:27:01,2024-09-22 23:27:01,50.54029083251950,-100.47248077392600,50.53941345214840,-100.47183990478500
236858,2024-09-19 23:27:01,2024-09-23 23:27:01,50.54029083251950,-100.47248077392600,50.539398193359400,-100.47181701660200
236858,2024-09-19 23:27:01,2024-09-24 23:27:01,50.54029083251950,-100.47248077392600,50.53938293457030,-100.47175598144500
236858,2024-09-19 23:27:01,2024-09-25 23:27:01,50.54029083251950,-100.47248077392600,50.53926467895510,-100.47218322753900
236858,2024-09-19 23:27:01,2024-09-26 23:27:01,50.54029083251950,-100.47248077392600,50.54615020751950,-100.46884155273400
236861,2024-09-19 23:07:44,2024-09-20 23:07:44,52.00490951538090,-81.8137435913086,52.00486373901370,-81.8123779296875
236861,2024-09-19 23:07:44,2024-09-21 23:07:44,52.00490951538090,-81.8137435913086,52.00459671020510,-81.81302642822270
236861,2024-09-19 23:07:44,2024-09-22 23:07:44,52.00490951538090,-81.8137435913086,52.00450897216800,-81.81306457519530
236861,2024-09-19 23:07:44,2024-09-23 23:07:44,52.00490951538090,-81.8137435913086,52.00472259521490,-81.81317901611330
236861,2024-09-19 23:07:44,2024-09-24 23:07:44,52.00490951538090,-81.8137435913086,52.00480270385740,-81.81314849853520
236861,2024-09-19 23:07:44,2024-09-25 23:07:44,52.00490951538090,-81.8137435913086,52.00465393066410,-81.81304931640630
236861,2024-09-19 23:07:44,2024-09-26 23:07:44,52.00490951538090,-81.8137435913086,52.00485610961910,-81.8134536743164
236862,2024-09-19 23:52:44,2024-09-20 23:52:44,46.84206771850590,-99.21951293945310,46.84513473510740,-99.22988891601560
236862,2024-09-19 23:52:44,2024-09-21 23:52:44,46.84206771850590,-99.21951293945310,46.84526824951170,-99.22972869873050
236862,2024-09-19 23:52:44,2024-09-22 23:52:44,46.84206771850590,-99.21951293945310,46.84513092041020,-99.22962951660160
236862,2024-09-19 23:52:44,2024-09-23 23:52:44,46.84206771850590,-99.21951293945310,46.84541320800780,-99.23039245605470
236862,2024-09-19 23:52:44,2024-09-24 23:52:44,46.84206771850590,-99.21951293945310,46.84565353393560,-99.22991180419920
236862,2024-09-19 23:52:44,2024-09-25 23:52:44,46.84206771850590,-99.21951293945310,46.84537506103520,-99.22911834716800
236862,2024-09-19 23:52:44,2024-09-26 23:52:44,46.84206771850590,-99.21951293945310,46.84507369995120,-99.2288818359375
236864,2024-09-19 23:34:42,2024-09-20 23:34:42,51.46873474121090,-99.2732391357422,51.46862030029300,-99.2736358642578
236864,2024-09-19 23:34:42,2024-09-21 23:34:42,51.46873474121090,-99.2732391357422,51.46892929077150,-99.2735595703125
236864,2024-09-19 23:34:42,2024-09-22 23:34:42,51.46873474121090,-99.2732391357422,51.46406173706060,-99.27555847167970
236864,2024-09-19 23:34:42,2024-09-23 23:34:42,51.46873474121090,-99.2732391357422,51.46440887451170,-99.27569580078120
236864,2024-09-19 23:34:42,2024-09-24 23:34:42,51.46873474121090,-99.2732391357422,51.46419143676760,-99.27545166015620
236864,2024-09-19 23:34:42,2024-09-25 23:34:42,51.46873474121090,-99.2732391357422,51.464351654052700,-99.2758331298828
236864,2024-09-19 23:34:42,2024-09-26 23:34:42,51.46873474121090,-99.2732391357422,51.46401596069340,-99.27481842041020
236865,2024-09-19 23:44:24,2024-09-20 23:44:24,53.7812385559082,-101.01980590820300,53.78168869018560,-101.01936340332000
236865,2024-09-19 23:44:24,2024-09-21 23:44:24,53.7812385559082,-101.01980590820300,53.78213882446290,-101.01807403564500
236865,2024-09-19 23:44:24,2024-09-22 23:44:24,53.7812385559082,-101.01980590820300,53.78217315673830,-101.01909637451200
236865,2024-09-19 23:44:24,2024-09-23 23:44:24,53.7812385559082,-101.01980590820300,53.78213119506840,-101.01908111572300
236865,2024-09-19 23:44:24,2024-09-24 23:44:24,53.7812385559082,-101.01980590820300,53.78228759765630,-101.01848602294900
236865,2024-09-19 23:44:24,2024-09-25 23:44:24,53.7812385559082,-101.01980590820300,53.7755241394043,-101.02484130859400
236865,2024-09-19 23:44:24,2024-09-26 23:44:24,53.7812385559082,-101.01980590820300,53.78139877319340,-101.0162353515630
236869,2024-09-19 23:57:15,2024-09-20 23:57:15,45.90104675292970,-97.11228942871090,45.900856018066400,-97.11219787597660
236869,2024-09-19 23:57:15,2024-09-21 23:57:15,45.90104675292970,-97.11228942871090,45.90055465698240,-97.1120376586914
236869,2024-09-19 23:57:15,2024-09-22 23:57:15,45.90104675292970,-97.11228942871090,45.90081024169920,-97.11195373535160
236869,2024-09-19 23:57:15,2024-09-23 23:57:15,45.90104675292970,-97.11228942871090,45.90054321289060,-97.1124496459961
236869,2024-09-19 23:57:15,2024-09-24 23:57:15,45.90104675292970,-97.11228942871090,45.900787353515600,-97.11233520507810
236869,2024-09-19 23:57:15,2024-09-25 23:57:15,45.90104675292970,-97.11228942871090,45.90085220336910,-97.11157989501950
236869,2024-09-19 23:57:15,2024-09-26 23:57:15,45.90104675292970,-97.11228942871090,45.90094757080080,-97.1123504638672
236872,2024-09-19 23:03:11,2024-09-20 23:03:11,48.87012100219730,-100.27578735351600,48.871212005615200,-100.27713012695300
236872,2024-09-19 23:03:11,2024-09-21 23:03:11,48.87012100219730,-100.27578735351600,48.871192932128900,-100.27688598632800
236872,2024-09-19 23:03:11,2024-09-22 23:03:11,48.87012100219730,-100.27578735351600,48.8706169128418,-100.27659606933600
236872,2024-09-19 23:03:11,2024-09-23 23:03:11,48.87012100219730,-100.27578735351600,48.87077713012700,-100.27434539794900
236872,2024-09-19 23:03:11,2024-09-24 23:03:11,48.87012100219730,-100.27578735351600,48.87153244018560,-100.27603149414100
236872,2024-09-19 23:03:11,2024-09-25 23:03:11,48.87012100219730,-100.27578735351600,48.8713264465332,-100.27605438232400
236872,2024-09-19 23:03:11,2024-09-26 23:03:11,48.87012100219730,-100.27578735351600,48.87105941772460,-100.27696228027300
236875,2024-09-19 23:41:26,2024-09-20 23:41:26,48.83077239990230,-103.3678741455080,48.83062362670900,-103.36846160888700
236875,2024-09-19 23:41:26,2024-09-21 23:41:26,48.83077239990230,-103.3678741455080,48.83037185668950,-103.367919921875
236875,2024-09-19 23:41:26,2024-09-22 23:41:26,48.83077239990230,-103.3678741455080,48.8310546875,-103.36741638183600
236875,2024-09-19 23:41:26,2024-09-23 23:41:26,48.83077239990230,-103.3678741455080,48.83091354370120,-103.36742401123000
236875,2024-09-19 23:41:26,2024-09-24 23:41:26,48.83077239990230,-103.3678741455080,48.83037185668950,-103.3678970336910
236875,2024-09-19 23:41:26,2024-09-25 23:41:26,48.83077239990230,-103.3678741455080,48.83090591430660,-103.36735534668000
236875,2024-09-19 23:41:26,2024-09-26 23:41:26,48.83077239990230,-103.3678741455080,48.83916473388670,-103.33795166015600
236885,2024-09-19 23:29:25,2024-09-20 23:29:25,47.32808303833010,-99.12696838378910,47.32341766357420,-99.13043212890620
236885,2024-09-19 23:29:25,2024-09-21 23:29:25,47.32808303833010,-99.12696838378910,47.32430648803710,-99.13084411621090
236885,2024-09-19 23:29:25,2024-09-22 23:29:25,47.32808303833010,-99.12696838378910,47.32466125488280,-99.13044738769530
236885,2024-09-19 23:29:25,2024-09-23 23:29:25,47.32808303833010,-99.12696838378910,47.32449722290040,-99.13052368164060
236885,2024-09-19 23:29:25,2024-09-24 23:29:25,47.32808303833010,-99.12696838378910,47.32447814941410,-99.13058471679690
236885,2024-09-19 23:29:25,2024-09-25 23:29:25,47.32808303833010,-99.12696838378910,47.32456207275390,-99.13016510009770
236885,2024-09-19 23:29:25,2024-09-26 23:29:25,47.32808303833010,-99.12696838378910,47.32475662231450,-99.13082885742190
236889,2024-09-19 23:07:46,2024-09-20 23:07:46,46.73891830444340,-99.159912109375,46.73905563354490,-99.15995025634770
236889,2024-09-19 23:07:46,2024-09-21 23:07:46,46.73891830444340,-99.159912109375,46.73909759521490,-99.15987396240230
236889,2024-09-19 23:07:46,2024-09-22 23:07:46,46.73891830444340,-99.159912109375,46.73894500732420,-99.15985870361330
236889,2024-09-19 23:07:46,2024-09-23 23:07:46,46.73891830444340,-99.159912109375,46.739105224609400,-99.1599349975586
236889,2024-09-19 23:07:46,2024-09-24 23:07:46,46.73891830444340,-99.159912109375,46.73903274536130,-99.1600112915039
236889,2024-09-19 23:07:46,2024-09-25 23:07:46,46.73891830444340,-99.159912109375,46.738956451416000,-99.15963745117190
236889,2024-09-19 23:07:46,2024-09-26 23:07:46,46.73891830444340,-99.159912109375,46.73043441772460,-99.1597900390625
223122,2024-09-19 23:45:14,2024-09-20 23:45:14,50.309757232666000,-99.96852111816410,50.30961608886720,-99.97217559814450
223122,2024-09-19 23:45:14,2024-09-21 23:45:14,50.309757232666000,-99.96852111816410,50.31867599487310,-99.9768295288086
223122,2024-09-19 23:45:14,2024-09-22 23:45:14,50.309757232666000,-99.96852111816410,50.31783676147460,-99.97691345214840
223122,2024-09-19 23:45:14,2024-09-23 23:45:14,50.309757232666000,-99.96852111816410,50.31859970092770,-99.97689819335940
223122,2024-09-19 23:45:14,2024-09-24 23:45:14,50.309757232666000,-99.96852111816410,50.31851959228520,-99.9772491455078
223122,2024-09-19 23:45:14,2024-09-25 23:45:14,50.309757232666000,-99.96852111816410,50.3192138671875,-99.97574615478520
223122,2024-09-19 23:45:14,2024-09-26 23:45:14,50.309757232666000,-99.96852111816410,50.319129943847700,-99.97570037841800
223155,2024-09-19 23:04:44,2024-09-20 23:04:44,54.05588912963870,-97.7771224975586,54.05715560913090,-97.77601623535160
223155,2024-09-19 23:04:44,2024-09-21 23:04:44,54.05588912963870,-97.7771224975586,54.05720520019530,-97.77611541748050
223155,2024-09-19 23:04:44,2024-09-22 23:04:44,54.05588912963870,-97.7771224975586,54.05772399902340,-97.77800750732420
223155,2024-09-19 23:04:44,2024-09-23 23:04:44,54.05588912963870,-97.7771224975586,54.05891036987310,-97.77751159667970
223155,2024-09-19 23:04:44,2024-09-24 23:04:44,54.05588912963870,-97.7771224975586,54.05807495117190,-97.77406311035160
223155,2024-09-19 23:04:44,2024-09-25 23:04:44,54.05588912963870,-97.7771224975586,54.05712127685550,-97.77361297607420
223155,2024-09-19 23:04:44,2024-09-26 23:04:44,54.05588912963870,-97.7771224975586,54.05641555786130,-97.7744369506836
223175,2024-09-19 23:39:37,2024-09-20 23:39:37,43.19903945922850,-89.9748306274414,43.198768615722700,-89.97437286376950
223175,2024-09-19 23:39:37,2024-09-21 23:39:37,43.19903945922850,-89.9748306274414,43.19888305664060,-89.97431182861330
223175,2024-09-19 23:39:37,2024-09-22 23:39:37,43.19903945922850,-89.9748306274414,43.19891357421880,-89.97433471679690
223175,2024-09-19 23:39:37,2024-09-23 23:39:37,43.19903945922850,-89.9748306274414,43.19890594482420,-89.97435760498050
223175,2024-09-19 23:39:37,2024-09-24 23:39:37,43.19903945922850,-89.9748306274414,43.19893264770510,-89.9739990234375
223175,2024-09-19 23:39:37,2024-09-25 23:39:37,43.19903945922850,-89.9748306274414,43.2089729309082,-89.96956634521480
223175,2024-09-19 23:39:37,2024-09-26 23:39:37,43.19903945922850,-89.9748306274414,43.198768615722700,-89.97425079345700
234441,2024-09-19 22:44:36,2024-09-20 22:44:36,50.54079055786130,-100.81120300293000,50.54072952270510,-100.81121826171900
234441,2024-09-19 22:44:36,2024-09-21 22:44:36,50.54079055786130,-100.81120300293000,50.54072189331060,-100.81127166748000
234441,2024-09-19 22:44:36,2024-09-22 22:44:36,50.54079055786130,-100.81120300293000,50.540748596191400,-100.81122589111300
234441,2024-09-19 22:44:36,2024-09-23 22:44:36,50.54079055786130,-100.81120300293000,50.54068756103520,-100.81126403808600
234441,2024-09-19 22:44:36,2024-09-24 22:44:36,50.54079055786130,-100.81120300293000,50.54167175292970,-100.79708099365200
234441,2024-09-19 22:44:36,2024-09-25 22:44:36,50.54079055786130,-100.81120300293000,50.541786193847700,-100.79702758789100
234441,2024-09-19 22:44:36,2024-09-26 22:44:36,50.54079055786130,-100.81120300293000,50.54167556762700,-100.7970199584960
234442,2024-09-19 23:19:09,2024-09-20 23:19:09,48.29440307617190,-99.21290588378910,48.2933464050293,-99.21134185791020
234442,2024-09-19 23:19:09,2024-09-21 23:19:09,48.29440307617190,-99.21290588378910,48.294395446777300,-99.21234893798830
234442,2024-09-19 23:19:09,2024-09-22 23:19:09,48.29440307617190,-99.21290588378910,48.29497146606450,-99.21208953857420
234442,2024-09-19 23:19:09,2024-09-23 23:19:09,48.29440307617190,-99.21290588378910,48.294551849365200,-99.21129608154300
234442,2024-09-19 23:19:09,2024-09-24 23:19:09,48.29440307617190,-99.21290588378910,48.29262161254880,-99.21318817138670
234442,2024-09-19 23:19:09,2024-09-25 23:19:09,48.29440307617190,-99.21290588378910,48.2927131652832,-99.21190643310550
234442,2024-09-19 23:19:09,2024-09-26 23:19:09,48.29440307617190,-99.21290588378910,48.293983459472700,-99.21131896972660
234445,2024-09-19 23:03:56,2024-09-20 23:03:56,43.12995910644530,-92.5409164428711,43.12989044189450,-92.54097747802730
234445,2024-09-19 23:03:56,2024-09-21 23:03:56,43.12995910644530,-92.5409164428711,43.13034057617190,-92.5409698486328
234445,2024-09-19 23:03:56,2024-09-22 23:03:56,43.12995910644530,-92.5409164428711,43.12981033325200,-92.54119873046880
234445,2024-09-19 23:03:56,2024-09-23 23:03:56,43.12995910644530,-92.5409164428711,43.12963485717770,-92.54149627685550
234445,2024-09-19 23:03:56,2024-09-24 23:03:56,43.12995910644530,-92.5409164428711,43.130638122558600,-92.54156494140620
234445,2024-09-19 23:03:56,2024-09-25 23:03:56,43.12995910644530,-92.5409164428711,43.129920959472700,-92.5408935546875
234445,2024-09-19 23:03:56,2024-09-26 23:03:56,43.12995910644530,-92.5409164428711,43.12870407104490,-92.5404815673828
234447,2024-09-19 23:58:42,2024-09-20 23:58:42,52.55000686645510,-105.4725341796880,52.550537109375,-105.46280670166000
234447,2024-09-19 23:58:42,2024-09-21 23:58:42,52.55000686645510,-105.4725341796880,52.550418853759800,-105.46257781982400
234447,2024-09-19 23:58:42,2024-09-22 23:58:42,52.55000686645510,-105.4725341796880,52.55029678344730,-105.4626693725590
234447,2024-09-19 23:58:42,2024-09-23 23:58:42,52.55000686645510,-105.4725341796880,52.54840850830080,-105.46268463134800
234447,2024-09-19 23:58:42,2024-09-24 23:58:42,52.55000686645510,-105.4725341796880,52.55007553100590,-105.46321868896500
234447,2024-09-19 23:58:42,2024-09-25 23:58:42,52.55000686645510,-105.4725341796880,52.550254821777300,-105.46297454834000
234447,2024-09-19 23:58:42,2024-09-26 23:58:42,52.55000686645510,-105.4725341796880,52.55018615722660,-105.4731674194340
234449,2024-09-19 23:25:59,2024-09-20 23:25:59,53.91630935668950,-100.58647918701200,53.82780075073240,-100.6463394165040
234449,2024-09-19 23:25:59,2024-09-21 23:25:59,53.91630935668950,-100.58647918701200,53.82776641845700,-100.6463394165040
234449,2024-09-19 23:25:59,2024-09-22 23:25:59,53.91630935668950,-100.58647918701200,53.82768630981450,-100.6463851928710
234449,2024-09-19 23:25:59,2024-09-23 23:25:59,53.91630935668950,-100.58647918701200,53.8248291015625,-100.64549255371100
234449,2024-09-19 23:25:59,2024-09-24 23:25:59,53.91630935668950,-100.58647918701200,53.82549285888670,-100.64413452148400
234449,2024-09-19 23:25:59,2024-09-25 23:25:59,53.91630935668950,-100.58647918701200,53.824806213378900,-100.64539337158200
234449,2024-09-19 23:25:59,2024-09-26 23:25:59,53.91630935668950,-100.58647918701200,53.82558441162110,-100.64545440673800
234451,2024-09-19 23:52:49,2024-09-20 23:52:49,50.08697891235350,-100.57952880859400,50.078712463378900,-100.58119201660200
234451,2024-09-19 23:52:49,2024-09-21 23:52:49,50.08697891235350,-100.57952880859400,50.08722305297850,-100.57978057861300
234451,2024-09-19 23:52:49,2024-09-22 23:52:49,50.08697891235350,-100.57952880859400,50.08697891235350,-100.5795440673830
234451,2024-09-19 23:52:49,2024-09-23 23:52:49,50.08697891235350,-100.57952880859400,50.07882308959960,-100.57759857177700
234451,2024-09-19 23:52:49,2024-09-24 23:52:49,50.08697891235350,-100.57952880859400,50.078739166259800,-100.57769012451200
234451,2024-09-19 23:52:49,2024-09-25 23:52:49,50.08697891235350,-100.57952880859400,50.07874298095700,-100.57754516601600
234451,2024-09-19 23:52:49,2024-09-26 23:52:49,50.08697891235350,-100.57952880859400,50.078758239746100,-100.57775115966800
234452,2024-09-19 23:00:24,2024-09-20 23:00:24,52.617279052734400,-106.36431121826200,52.61719131469730,-106.36432647705100
234452,2024-09-19 23:00:24,2024-09-21 23:00:24,52.617279052734400,-106.36431121826200,52.61741638183590,-106.36404418945300
234452,2024-09-19 23:00:24,2024-09-22 23:00:24,52.617279052734400,-106.36431121826200,52.61739349365230,-106.36402130127000
234452,2024-09-19 23:00:24,2024-09-23 23:00:24,52.617279052734400,-106.36431121826200,52.617454528808600,-106.36409759521500
234452,2024-09-19 23:00:24,2024-09-24 23:00:24,52.617279052734400,-106.36431121826200,52.61753463745120,-106.36397552490200
234452,2024-09-19 23:00:24,2024-09-25 23:00:24,52.617279052734400,-106.36431121826200,52.61742401123050,-106.3638916015630
234452,2024-09-19 23:00:24,2024-09-26 23:00:24,52.617279052734400,-106.36431121826200,52.61750793457030,-106.36387634277300
234453,2024-09-19 23:08:10,2024-09-20 23:08:10,50.30432891845700,-102.81332397460900,50.30424118041990,-102.81341552734400
234453,2024-09-19 23:08:10,2024-09-21 23:08:10,50.30432891845700,-102.81332397460900,50.30435943603520,-102.81336975097700
234453,2024-09-19 23:08:10,2024-09-22 23:08:10,50.30432891845700,-102.81332397460900,50.30401611328130,-102.81317138671900
234453,2024-09-19 23:08:10,2024-09-23 23:08:10,50.30432891845700,-102.81332397460900,50.302616119384800,-102.81257629394500
234453,2024-09-19 23:08:10,2024-09-24 23:08:10,50.30432891845700,-102.81332397460900,50.30299758911130,-102.81244659423800
234453,2024-09-19 23:08:10,2024-09-25 23:08:10,50.30432891845700,-102.81332397460900,50.30303192138670,-102.81250762939500
234453,2024-09-19 23:08:10,2024-09-26 23:08:10,50.30432891845700,-102.81332397460900,50.30315780639650,-102.81256866455100
234468,2024-09-19 23:26:21,2024-09-20 23:26:21,50.398475646972700,-100.691162109375,50.38949966430660,-100.69181060791000
234468,2024-09-19 23:26:21,2024-09-21 23:26:21,50.398475646972700,-100.691162109375,50.38939666748050,-100.69184112548800
234468,2024-09-19 23:26:21,2024-09-22 23:26:21,50.398475646972700,-100.691162109375,50.39149856567380,-100.68618774414100
234468,2024-09-19 23:26:21,2024-09-23 23:26:21,50.398475646972700,-100.691162109375,50.39152526855470,-100.6862335205080
234468,2024-09-19 23:26:21,2024-09-24 23:26:21,50.398475646972700,-100.691162109375,50.39458847045900,-100.68743133544900
234468,2024-09-19 23:26:21,2024-09-25 23:26:21,50.398475646972700,-100.691162109375,50.39432907104490,-100.68717193603500
234468,2024-09-19 23:26:21,2024-09-26 23:26:21,50.398475646972700,-100.691162109375,50.39404678344730,-100.6898956298830
234469,2024-09-19 23:10:42,2024-09-20 23:10:42,49.21630096435550,-100.5986099243160,49.21633529663090,-100.59857177734400
234469,2024-09-19 23:10:42,2024-09-21 23:10:42,49.21630096435550,-100.5986099243160,49.217227935791000,-100.59850311279300
234469,2024-09-19 23:10:42,2024-09-22 23:10:42,49.21630096435550,-100.5986099243160,49.217041015625,-100.59870147705100
234469,2024-09-19 23:10:42,2024-09-23 23:10:42,49.21630096435550,-100.5986099243160,49.21712493896490,-100.59830474853500
234469,2024-09-19 23:10:42,2024-09-24 23:10:42,49.21630096435550,-100.5986099243160,49.21710205078130,-100.59840393066400
234469,2024-09-19 23:10:42,2024-09-25 23:10:42,49.21630096435550,-100.5986099243160,49.21718215942380,-100.598388671875
234469,2024-09-19 23:10:42,2024-09-26 23:10:42,49.21630096435550,-100.5986099243160,49.21721649169920,-100.5985107421880
234470,2024-09-19 23:54:39,2024-09-20 23:54:39,45.2999267578125,-92.9811553955078,45.29965591430660,-92.98194885253910
234470,2024-09-19 23:54:39,2024-09-21 23:54:39,45.2999267578125,-92.9811553955078,45.29961013793950,-92.98214721679690
234470,2024-09-19 23:54:39,2024-09-22 23:54:39,45.2999267578125,-92.9811553955078,45.29954528808590,-92.9822769165039
234470,2024-09-19 23:54:39,2024-09-23 23:54:39,45.2999267578125,-92.9811553955078,45.29881286621090,-92.99234008789060
234470,2024-09-19 23:54:39,2024-09-24 23:54:39,45.2999267578125,-92.9811553955078,45.30946350097660,-92.97692108154300
234470,2024-09-19 23:54:39,2024-09-25 23:54:39,45.2999267578125,-92.9811553955078,45.29949188232420,-92.981201171875
234470,2024-09-19 23:54:39,2024-09-26 23:54:39,45.2999267578125,-92.9811553955078,45.29964447021490,-92.98155212402340
234472,2024-09-19 23:28:31,2024-09-20 23:28:31,47.34160614013670,-99.42510986328120,47.34165954589840,-99.42515563964840
234472,2024-09-19 23:28:31,2024-09-21 23:28:31,47.34160614013670,-99.42510986328120,47.34152603149410,-99.4251937866211
234472,2024-09-19 23:28:31,2024-09-22 23:28:31,47.34160614013670,-99.42510986328120,47.34152603149410,-99.42532348632810
234472,2024-09-19 23:28:31,2024-09-23 23:28:31,47.34160614013670,-99.42510986328120,47.341426849365200,-99.42503356933590
234472,2024-09-19 23:28:31,2024-09-24 23:28:31,47.34160614013670,-99.42510986328120,47.34160614013670,-99.42517852783210
234472,2024-09-19 23:28:31,2024-09-25 23:28:31,47.34160614013670,-99.42510986328120,47.34166717529300,-99.42501068115230
234472,2024-09-19 23:28:31,2024-09-26 23:28:31,47.34160614013670,-99.42510986328120,47.341796875,-99.40747833251950
234475,2024-09-19 23:05:59,2024-09-20 23:05:59,49.69832992553710,-100.2891616821290,49.69830322265630,-100.28919219970700
234475,2024-09-19 23:05:59,2024-09-21 23:05:59,49.69832992553710,-100.2891616821290,49.69831466674810,-100.28919219970700
234475,2024-09-19 23:05:59,2024-09-22 23:05:59,49.69832992553710,-100.2891616821290,49.69889450073240,-100.29476165771500
234475,2024-09-19 23:05:59,2024-09-23 23:05:59,49.69832992553710,-100.2891616821290,49.69879913330080,-100.29486083984400
234475,2024-09-19 23:05:59,2024-09-24 23:05:59,49.69832992553710,-100.2891616821290,49.6987533569336,-100.29479217529300
234475,2024-09-19 23:05:59,2024-09-25 23:05:59,49.69832992553710,-100.2891616821290,49.69881439208980,-100.2947235107420
234475,2024-09-19 23:05:59,2024-09-26 23:05:59,49.69832992553710,-100.2891616821290,49.69891357421880,-100.29476165771500
234480,2024-09-19 23:53:05,2024-09-20 23:53:05,36.27737808227540,-88.85257720947270,36.27736282348630,-88.8524169921875
234480,2024-09-19 23:53:05,2024-09-21 23:53:05,36.27737808227540,-88.85257720947270,36.27804946899410,-88.85240936279300
234480,2024-09-19 23:53:05,2024-09-22 23:53:05,36.27737808227540,-88.85257720947270,36.277469635009800,-88.8526611328125
234480,2024-09-19 23:53:05,2024-09-23 23:53:05,36.27737808227540,-88.85257720947270,36.27767181396490,-88.85221099853520
234480,2024-09-19 23:53:05,2024-09-24 23:53:05,36.27737808227540,-88.85257720947270,36.27793884277340,-88.85184478759770
234480,2024-09-19 23:53:05,2024-09-25 23:53:05,36.27737808227540,-88.85257720947270,36.27812957763670,-88.85150909423830
234480,2024-09-19 23:53:05,2024-09-26 23:53:05,36.27737808227540,-88.85257720947270,36.27790451049810,-88.85166931152340
234486,2024-09-19 23:53:08,2024-09-20 23:53:08,37.0131950378418,-90.16634368896480,37.01405715942380,-90.16632080078120
234486,2024-09-19 23:53:08,2024-09-21 23:53:08,37.0131950378418,-90.16634368896480,37.013484954834000,-90.1656265258789
234486,2024-09-19 23:53:08,2024-09-22 23:53:08,37.0131950378418,-90.16634368896480,37.01367568969730,-90.16593170166020
234486,2024-09-19 23:53:08,2024-09-23 23:53:08,37.0131950378418,-90.16634368896480,37.01316452026370,-90.16573333740230
234486,2024-09-19 23:53:08,2024-09-24 23:53:08,37.0131950378418,-90.16634368896480,37.01302337646490,-90.1656494140625
234486,2024-09-19 23:53:08,2024-09-25 23:53:08,37.0131950378418,-90.16634368896480,37.01324081420900,-90.16575622558590
234486,2024-09-19 23:53:08,2024-09-26 23:53:08,37.0131950378418,-90.16634368896480,37.01300048828130,-90.1657485961914
234488,2024-09-19 23:03:36,2024-09-20 23:03:36,51.071231842041000,-103.74700927734400,51.07130432128910,-103.74689483642600
234488,2024-09-19 23:03:36,2024-09-21 23:03:36,51.071231842041000,-103.74700927734400,51.070987701416000,-103.74668884277300
234488,2024-09-19 23:03:36,2024-09-22 23:03:36,51.071231842041000,-103.74700927734400,51.0708236694336,-103.74674987793000
234488,2024-09-19 23:03:36,2024-09-23 23:03:36,51.071231842041000,-103.74700927734400,51.07090377807620,-103.74652862548800
234488,2024-09-19 23:03:36,2024-09-24 23:03:36,51.071231842041000,-103.74700927734400,51.0715217590332,-103.74661254882800
234488,2024-09-19 23:03:36,2024-09-25 23:03:36,51.071231842041000,-103.74700927734400,51.07112884521490,-103.74686431884800
234488,2024-09-19 23:03:36,2024-09-26 23:03:36,51.071231842041000,-103.74700927734400,51.0711784362793,-103.74695587158200
234489,2024-09-19 23:42:35,2024-09-20 23:42:35,38.49794006347660,-90.24678802490230,38.502254486084000,-90.24956512451170
234489,2024-09-19 23:42:35,2024-09-21 23:42:35,38.49794006347660,-90.24678802490230,38.50221252441410,-90.24927520751950
234489,2024-09-19 23:42:35,2024-09-22 23:42:35,38.49794006347660,-90.24678802490230,38.503047943115200,-90.24808502197270
234489,2024-09-19 23:42:35,2024-09-23 23:42:35,38.49794006347660,-90.24678802490230,38.501766204834000,-90.24885559082030
234489,2024-09-19 23:42:35,2024-09-24 23:42:35,38.49794006347660,-90.24678802490230,38.501747131347700,-90.2488250732422
234489,2024-09-19 23:42:35,2024-09-25 23:42:35,38.49794006347660,-90.24678802490230,38.50163650512700,-90.2486572265625
234489,2024-09-19 23:42:35,2024-09-26 23:42:35,38.49794006347660,-90.24678802490230,38.50291061401370,-90.24813842773440
234490,2024-09-19 23:01:35,2024-09-20 23:01:35,52.32002258300780,-104.13275146484400,52.31986618041990,-104.13253021240200
234490,2024-09-19 23:01:35,2024-09-21 23:01:35,52.32002258300780,-104.13275146484400,52.31996154785160,-104.1327133178710
234490,2024-09-19 23:01:35,2024-09-22 23:01:35,52.32002258300780,-104.13275146484400,52.31957244873050,-104.13322448730500
234490,2024-09-19 23:01:35,2024-09-23 23:01:35,52.32002258300780,-104.13275146484400,52.31915664672850,-104.1330337524410
234490,2024-09-19 23:01:35,2024-09-24 23:01:35,52.32002258300780,-104.13275146484400,52.31913375854490,-104.13296508789100
234490,2024-09-19 23:01:35,2024-09-25 23:01:35,52.32002258300780,-104.13275146484400,52.319244384765600,-104.13323974609400
234490,2024-09-19 23:01:35,2024-09-26 23:01:35,52.32002258300780,-104.13275146484400,52.32000350952150,-104.13262176513700